{"count":1,"self":659.8794752,"total":660.3272534,"children":{"InitializeActuators":{"count":1,"self":0.00099739999999999985,"total":0.00099739999999999985,"children":null},"InitializeSensors":{"count":1,"self":0.00099169999999999987,"total":0.00099169999999999987,"children":null},"AgentSendState":{"count":32387,"self":0.1486023,"total":0.18350919999999998,"children":{"CollectObservations":{"count":6478,"self":0.017950999999999998,"total":0.017950999999999998,"children":null},"WriteActionMask":{"count":6478,"self":0.0059828999999999993,"total":0.0059828999999999993,"children":null},"RequestDecision":{"count":6478,"self":0.010973,"total":0.010973,"children":null}}},"DecideAction":{"count":32387,"self":0.096737099999999993,"total":0.096737099999999993,"children":null},"AgentAct":{"count":32387,"self":0.1655488,"total":0.1655488,"children":null}},"gauges":{"CompleteMaze.CumulativeReward":{"count":220,"max":1,"min":1,"runningAverage":1,"value":1,"weightedAverage":1}},"metadata":{"timer_format_version":"0.1.0","start_time_seconds":"1669789754","unity_version":"2021.3.14f1","command_line_arguments":"C:\\Program Files\\Unity\\Hub\\Editor\\2021.3.14f1\\Editor\\Unity.exe -openfile C:\\Users\\yrabi\\wkspaces\\MLAgents\\Assets\\Scenes\\MainMenu.unity","communication_protocol_version":"1.5.0","com.unity.ml-agents_version":"2.0.1","scene_name":"MainMenu","end_time_seconds":"1669790415"}}